{
  "project_info": {
    "project_number": "563064811009",
    "firebase_url": "https://imagerpitest.firebaseio.com",
    "project_id": "imagerpitest",
    "storage_bucket": "imagerpitest.appspot.com"
  },
  "client": [
    {
      "client_info": {
        "mobilesdk_app_id": "1:563064811009:android:8f40249006ff855183da00",
        "android_client_info": {
          "package_name": "com.example.sis10"
        }
      },
      "oauth_client": [
        {
          "client_id": "563064811009-quhpasm4dqbdr46mad8gbpif3u5e19i3.apps.googleusercontent.com",
          "client_type": 3
        }
      ],
      "api_key": [
        {
          "current_key": "AIzaSyCTdbHRrSFgvTgs3vaFXvbxY5K90ipDQu0"
        }
      ],
      "services": {
        "appinvite_service": {
          "other_platform_oauth_client": [
            {
              "client_id": "563064811009-quhpasm4dqbdr46mad8gbpif3u5e19i3.apps.googleusercontent.com",
              "client_type": 3
            }
          ]
        }
      }
    },
    {
      "client_info": {
        "mobilesdk_app_id": "1:563064811009:android:aac879ff13d93f4a83da00",
        "android_client_info": {
          "package_name": "com.example.smartidentifierapplication"
        }
      },
      "oauth_client": [
        {
          "client_id": "563064811009-quhpasm4dqbdr46mad8gbpif3u5e19i3.apps.googleusercontent.com",
          "client_type": 3
        }
      ],
      "api_key": [
        {
          "current_key": "AIzaSyCTdbHRrSFgvTgs3vaFXvbxY5K90ipDQu0"
        }
      ],
      "services": {
        "appinvite_service": {
          "other_platform_oauth_client": [
            {
              "client_id": "563064811009-quhpasm4dqbdr46mad8gbpif3u5e19i3.apps.googleusercontent.com",
              "client_type": 3
            }
          ]
        }
      }
    }
  ],
  "configuration_version": "1"
}